label_id	volume_micron_cubed	surface_area_micron_squared	ratio_percent
1.0	1.44	29.88	4.075856213
2.0	2.07	14.52	5.859043306
3.0	11.12	48.61	31.47466742
