"label_id	anchor_x	anchor_y	anchor_z	bb_min_x	bb_min_y	bb_min_z	bb_max_x	bb_max_y	bb_max_z	n_pixels"	organelle
"1.0	8.935392932146016	1.6636823044912565	1.796014040837448	4.548	1.056	0.768	14.244	2.4	3.036	695685.0"	mitochondria
"2.0	10.405356985535047	1.916438690612643	2.136715430769193	9.156	1.344	1.344	11.508000000000001	2.508	2.976	1234501.0"	nucleus
"3.0	8.844337402001585	1.2260331966535052	1.9292572018813663	4.5600000000000005	0.384	0.972	14.064	2.34	2.964	6261836.0"	plastid
