label_id	volume_micron_cubed	surface_area_micron_squared	ratio_percent
1.0	1.18	20.85	3.8574697610000004
2.0	2.13	13.48	6.963059822999999
3.0	10.84	39.86	35.43641713
