label_id	volume_micron_cubed	surface_area_micron_squared	ratio_percent
1.0	0.054000000000000006	1.185	2.268907563
2.0	0.258	8.13	10.84033613
3.0	1.0190000000000001	13.92	42.81512605
