"label_id	anchor_x	anchor_y	anchor_z	bb_min_x	bb_min_y	bb_min_z	bb_max_x	bb_max_y	bb_max_z	n_pixels"	organelle
"1.0	1.4600767510135608	0.599510974416329	0.5113602684188452	1.208	0.28	0.20800000000000002	1.6480000000000001	1.048	0.736	57224.0"	mitochondria
"2.0	1.3755190890899354	1.6289930723485821	0.347137205828471	0.984	1.16	0.08	1.736	2.168	0.656	354810.0"	nucleus
"3.0	1.0403610168694621	0.9087419989458142	0.4142269371917575	0.64	0.32	0.016	1.488	1.616	0.808	808206.0"	plastid
