label_id	volume_micron_cubed	surface_area_micron_squared	ratio_percent
1.0	0.028999999999999998	0.703	2.638762511
2.0	0.1819	7.07	16.55141037
3.0	0.4136	6.36	37.63421292
