label_id	volume_micron_cubed	surface_area_micron_squared
1.0	193.57	185.477
2.0	247.79	236.40200000000002
3.0	203.74	183.63099999999997
