label_id	anchor_x	anchor_y	anchor_z	bb_min_x	bb_min_y	bb_min_z	bb_max_x	bb_max_y	bb_max_z	n_pixels	cell_id	organelle
1.0	4.82179095042697	2.936539092824667	3.837936786070757	4.596	2.112	3.228	5.112	3.54	4.248	108204.0	1	mitochondria
2.0	5.234436094941669	3.3030576920335477	2.476449656679893	4.764	2.8080000000000003	2.112	5.736	3.8040000000000003	2.904	210445.0	1	nucleus
3.0	5.264330245023477	2.3890124651824336	3.2136006268808073	4.692	1.716	2.232	5.784	2.988	4.164	455589.0	1	plastid
4.0	3.152471275441391	3.5261691326349527	4.095142471782495	2.388	3.0	3.54	3.8280000000000003	4.104	4.62	197218.0	2	mitochondria
5.0	3.1128096119435074	4.7243684731939215	4.613827805211462	2.616	4.176	4.188	3.696	5.256	5.0520000000000005	260426.0	2	nucleus
6.0	2.7223206403104547	3.6173589377816926	4.755147797639643	1.776	2.712	3.8040000000000003	3.948	4.668	5.352	869953.0	2	plastid
7.0	8.01049308864232	4.645525190133357	5.2295312938808305	7.5840000000000005	4.0920000000000005	4.428	8.52	5.148	5.808	123203.0	3	mitochondria
8.0	7.36197142983765	4.873479680321453	6.023572836186902	6.792	4.332	5.652	7.896	5.448	6.348	203079.0	3	nucleus
9.0	7.629991126193	4.8506358973488855	5.045648200212089	6.816	4.188	3.984	8.316	5.472	5.868	589375.0	3	plastid
