label_id	volume_micron_cubed	surface_area_micron_squared	ratio_percent
1.0	1.178	14.96	4.857531648
2.0	1.1440000000000001	59.0	4.7173312439999995
3.0	10.704	36.69	44.13838605
