label_id	volume_micron_cubed	surface_area_micron_squared	ratio_percent
1.0	0.62868	9.14	4.483525888
2.0	0.7257	5.47	5.175438596
3.0	6.234	24.76	44.45870774
