"label_id	anchor_x	anchor_y	anchor_z	bb_min_x	bb_min_y	bb_min_z	bb_max_x	bb_max_y	bb_max_z	n_pixels"	cell_id	organelle
"1.0	1.5441121059489613	3.918390221971607	2.458218740713083	1.328	3.44	2.048	1.872	4.312	3.032	262466.0"	1	mitochondria
"2.0	2.1022542522838523	3.7378894013559143	2.4379997905923623	1.752	3.2560000000000002	1.928	2.512	4.328	3.008	764060.0"	1	nucleus
"3.0	1.7610343342213675	3.9696334129678457	2.2087606125451447	0.96	3.0	1.576	2.72	4.8	2.928	2159449.0"	1	plastid
"4.0	2.7368835981293387	1.9673547432842335	1.8125557536414674	2.344	1.424	1.416	3.192	2.504	2.16	279901.0"	2	mitochondria
"5.0	2.5155666081137165	1.8268465981383315	1.4045872840431342	2.032	1.344	0.936	3.072	2.352	1.8880000000000001	826033.0"	2	nucleus
"6.0	2.46934425329335	2.1683081218678715	1.7920195216815122	1.616	1.448	0.904	3.336	2.968	2.592	2145307.0"	2	plastid
"7.0	4.672682644666838	4.638825959172194	3.1742247638690326	4.296	4.28	2.912	5.168	5.088	3.416	213335.0"	3	mitochondria
"8.0	4.708223585288769	4.50809934141992	3.528825665201193	4.28	3.8240000000000003	3.376	5.112	5.16	3.704	283185.0"	3	nucleus
"9.0	4.66543509794276	4.705439020698528	3.0839285768342983	3.88	3.8240000000000003	2.64	5.5040000000000004	5.488	3.552	1268496.0"	3	plastid
