"label_id	anchor_x	anchor_y	anchor_z	bb_min_x	bb_min_y	bb_min_z	bb_max_x	bb_max_y	bb_max_z	n_pixels"	organelle
"1.0	8.110717613651712	1.8198669125666356	1.3688153659989735	2.172	0.792	0.48	15.048	3.18	2.22	703267.0"	mitochondria
"2.0	7.0306310861227725	1.8878954982076563	1.5574286340681462	5.868	1.044	0.972	8.268	2.688	2.16	1053647.0"	nucleus
"3.0	8.777363324596136	1.9054822966920892	1.1886738013843945	3.372	0.588	0.276	13.284	3.168	2.376	6245330.0"	plastid
