label_id	volume_micron_cubed	surface_area_micron_squared	ratio_percent
1.0	1.19	27.47	3.725735755
2.0	1.82	15.07	5.698184095
3.0	10.8	48.003	33.81340013
