label_id	volume_micron_cubed	surface_area_micron_squared
1.0	22.4	53.946999999999996
2.0	23.695999999999998	60.5
3.0	12.145999999999999	34.421
