"label_id	anchor_x	anchor_y	anchor_z	bb_min_x	bb_min_y	bb_min_z	bb_max_x	bb_max_y	bb_max_z	n_pixels"	organelle
"1.0	2.140996520382637	1.3039847667390052	1.2405712607584565	1.512	0.56	0.128	2.912	1.9120000000000001	2.7520000000000002	1484646.0"	mitochondria
"2.0	2.0751508010639244	1.6260882566470616	1.6620272069363118	1.56	0.936	0.936	2.672	2.36	2.2640000000000002	1826446.0"	nucleus
"3.0	1.4589792303637765	2.1442500358015337	2.0137632161065633	0.4	0.68	0.296	2.984	3.7840000000000003	3.12	14322013.0"	plastid
