label_id	volume_micron_cubed	surface_area_micron_squared	ratio_percent
1.0	0.7726	12.81	4.113731963
2.0	0.9359999999999999	49.68600000000001	4.983760183
3.0	7.3316	50.39	39.03732496
