"label_id	anchor_x	anchor_y	anchor_z	bb_min_x	bb_min_y	bb_min_z	bb_max_x	bb_max_y	bb_max_z	n_pixels"	organelle
"1.0	0.9898264317519794	0.5715551335189715	1.1846524913703507	0.84	0.256	0.872	1.16	0.888	1.432	77929.0"	mitochondria
"2.0	1.2103975887849219	1.228409915434483	0.946913560423427	0.8160000000000001	0.84	0.528	1.6	1.624	1.368	450893.0"	nucleus
"3.0	1.5306377195711445	0.6112063000608255	1.1234502491142866	1.016	0.0	0.632	1.992	1.232	1.576	1076815.0"	plastid
