label_id	volume_micron_cubed	surface_area_micron_squared	ratio_percent
1.0	0.04137	0.9670000000000001	2.893006993
2.0	0.23	10.17	16.08391608
3.0	0.551	7.65	38.53146853
