grid_id	volume_micron_cubed	surface_area_micron_squared
0	2.38	11.164000000000001
1	1.099	6.731
2	1.43	7.127000000000001
